title,slug,category,description,price
Complete Java Spring Boot 3 & Microservices Bootcamp,java-spring-boot-3-microservices,Software Engineering,Master Java Spring Boot 3 and microservices design. Build scalable backend REST APIs using PostgreSQL, Redis, and Spring Security.,99.99
Advanced React 19 & Next.js 15 App Router,advanced-react-19-next-15,Software Engineering,Deep dive into React 19 server actions, Server-Side Rendering (SSR), Incremental Static Regeneration (ISR), and Next.js App Router optimization.,89.99
Docker, Kubernetes & AWS: Cloud DevOps Blueprint,docker-kubernetes-aws-devops,Software Engineering,Learn containerization and container orchestration. Deploy modern cloud-native architectures on AWS using Kubernetes (EKS) and CI/CD pipelines.,119.99
System Design & Architecture for Senior Engineers,system-design-architecture-seniors,Software Engineering,Learn how to design scalable, distributed, and highly available systems. Explores database sharding, microservice communication, and rate limiting.,149.99
Go Programming (Golang) for Backend Developers,golang-backend-developers,Software Engineering,Build high-performance, concurrent backend systems in Go. Master goroutines, channels, REST APIs, and database migrations.,79.99
Generative AI with Large Language Models (LLMs),generative-ai-llm-masterclass,AI & Data Science,Master Prompt Engineering, fine-tuning LLMs, retrieval-augmented generation (RAG), and deploying generative AI apps with LangChain.,129.99
Deep Learning & Neural Networks with PyTorch,deep-learning-pytorch-bootcamp,AI & Data Science,Learn deep learning fundamentals. Build convolutional neural networks (CNNs), recurrent neural networks (RNNs), and transformers using PyTorch.,109.99
Algorithmic Trading & Quantitative Finance,algorithmic-trading-quant-finance,Finance & Trading,Design, backtest, and deploy automated trading strategies using Python. Learn technical indicators, portfolio optimization, and broker API integration.,139.99
Stock Market Technical Analysis Masterclass,stock-market-technical-analysis,Finance & Trading,Read charts like a professional trader. Master candlestick patterns, volume profile, support/resistance, and trend analysis.,59.99
Cryptocurrency Trading & Blockchain Basics,crypto-trading-blockchain-basics,Finance & Trading,Master cryptocurrency spot and futures trading. Understand blockchain architecture, smart contracts, and decentralized finance (DeFi).,69.99
Machine Learning A-Z: Hands-On Python,machine-learning-python-hands-on,AI & Data Science,Learn regression, classification, clustering, association rule learning, reinforcement learning, NLP, and deep learning.,119.99
Kubernetes from Beginner to Pro,kubernetes-beginner-to-pro,Software Engineering,Master Kubernetes administration, pod scheduling, network services, ingress controllers, persistent volumes, and Helm charts.,99.99
Building APIs with Node.js and Express,building-apis-nodejs-express,Software Engineering,Build solid backend APIs with Node.js, Express, and MongoDB. Learn JWT authentication, file uploads, and unit testing.,49.99
Data Structures & Algorithms in Java,data-structures-algorithms-java,Software Engineering,Master coding interviews. Learn linked lists, trees, graphs, sorting, searching, dynamic programming, and recursion in Java.,79.99
SQL & Relational Database Design Masterclass,sql-relational-database-masterclass,Software Engineering,Master SQL queries, indexes, normalization, joins, subqueries, and transaction isolation levels using PostgreSQL and MySQL.,39.99
Python for Data Science & Machine Learning,python-data-science-machine-learning,AI & Data Science,Learn NumPy, Pandas, Matplotlib, Seaborn, Scikit-Learn, and statistics for high-level data analysis.,89.99
Natural Language Processing (NLP) in Python,nlp-python-transformers-bert,AI & Data Science,Build sentiment analysis, text generation, and translation systems. Understand BERT, GPT, and modern transformer architectures.,119.99
Reinforcement Learning & Q-Learning Bootcamp,reinforcement-learning-q-learning,AI & Data Science,Design autonomous agents using Q-Learning, Deep Q-Networks (DQN), and policy gradient methods in Python.,129.99
Introduction to Options Trading & Strategies,options-trading-strategies-beg,Finance & Trading,Learn options trading fundamentals. Understand calls, puts, credit spreads, iron condors, and risk management.,79.99
Day Trading Stocks: Price Action Secrets,day-trading-stocks-price-action,Finance & Trading,Learn day trading strategies using pure price action, order flow, and tape reading. Manage risk and build consistency.,99.99
Forex Trading Mastery: Learn to Trade Currencies,forex-trading-mastery-currencies,Finance & Trading,Master the foreign exchange market. Learn currency pairs, leverage, broker mechanics, and risk-reward ratios.,59.99
Rust Programming for Systems Engineering,rust-programming-systems,Software Engineering,Learn systems programming in Rust. Understand ownership, borrowing, lifetimes, concurrency, and web assembly.,109.99
Enterprise TypeScript & Clean Architecture,enterprise-typescript-clean-arch,Software Engineering,Design large-scale frontends and backends using TypeScript. Learn clean architecture principles, domain-driven design, and testing.,89.99
Modern UI/UX Design with Figma,modern-ui-ux-design-figma,Software Engineering,Design premium user interfaces. Master Figma auto-layout, components, design systems, prototyping, and user testing.,49.99
Apache Kafka for Real-Time Event Streaming,apache-kafka-event-streaming,Software Engineering,Build high-throughput, fault-tolerant event streams with Apache Kafka. Learn producers, consumers, schemas, and Kafka Streams.,119.99
Microservices Security with Spring Security 6,microservices-security-spring-6,Software Engineering,Secure your Spring Boot microservices. Master JWT authentication, OAuth2, OpenID Connect, and distributed session security.,109.99
Modern Vue.js 3 & Pinia: The Complete Guide,modern-vue3-pinia-guide,Software Engineering,Build interactive frontend apps with Vue 3 Composition API, Pinia state management, and Vue Router.,69.99
Tailwind CSS & Responsive Layout Mastery,tailwind-css-responsive-mastery,Software Engineering,Design gorgeous, responsive layouts using Tailwind CSS. Learn custom grids, flexbox, typography, and dark mode configuration.,29.99
Artificial Intelligence for Robotics & Control,ai-robotics-control-systems,AI & Data Science,Build AI models for autonomous navigation, path planning, obstacle avoidance, and control loops in Python.,139.99
Data Wrangling and Analysis with Pandas,data-wrangling-pandas-python,AI & Data Science,Clean, transform, and analyze messy datasets using Python Pandas. Learn aggregation, pivoting, and time-series analysis.,49.99
Vector Databases & Semantic Search Masterclass,vector-databases-semantic-search,AI & Data Science,Build semantic search engines using Pgvector, Pinecone, Milvus, and Qdrant. Master vector embeddings and similarity metrics.,99.99
Computer Vision A-Z: OpenCV & YOLO,computer-vision-opencv-yolo,AI & Data Science,Build real-time object detection, face recognition, and image segmentation applications using OpenCV and YOLO models.,119.99
Trading Psychology: Master the Mental Game,trading-psychology-mental-game,Finance & Trading,Overcome fear and greed in trading. Build emotional discipline, trading journals, and consistent risk management plans.,39.99
Quantitative Trading with R & RStudio,quantitative-trading-rstudio,Finance & Trading,Develop and analyze quantitative trading models using R. Learn statistics, time-series forecasting, and backtesting.,89.99
Fixed Income Securities & Bond Trading,fixed-income-securities-bond-trading,Finance & Trading,Understand bond markets, yield curves, duration, convexity, and debt instruments for portfolio hedging.,79.99
Advanced Java: Concurrency & Multithreading,advanced-java-concurrency-multithreading,Software Engineering,Write bulletproof concurrent Java applications. Master ExecutorService, ForkJoinPool, locks, atomics, and virtual threads.,99.99
GraphQL API Design with Spring Boot & DGS,graphql-spring-boot-dgs,Software Engineering,Build schema-first GraphQL APIs in Java. Learn queries, mutations, subscriptions, dataloaders, and performance tuning.,89.99
CI/CD Pipelines with Jenkins, GitHub Actions & GitLab,cicd-pipelines-jenkins-github-gitlab,Software Engineering,Automate software deliveries. Master build pipelines, Docker registry integrations, and automated deployments.,79.99
Terraform Infrastructure as Code (IaC) Masterclass,terraform-infrastructure-as-code,Software Engineering,Provision multi-cloud infrastructure on AWS, Azure, and GCP using Terraform. Learn modules, workspaces, and state locking.,109.99
Spring Cloud: Build Resilient Microservices,spring-cloud-resilient-microservices,Software Engineering,Master Spring Cloud Gateway, Eureka Service Discovery, Config Server, Resilience4j circuit breakers, and distributed tracing.,119.99
Django & Python: Build a SaaS Application,django-python-build-saas,Software Engineering,Create a complete multi-tenant SaaS application using Django, PostgreSQL, Stripe payments, and Celery tasks.,89.99
React Native: Build Cross-Platform Mobile Apps,react-native-cross-platform-mobile,Software Engineering,Develop native iOS and Android apps using React Native, Expo, React Navigation, and Redux Toolkit.,99.99
SvelteKit: Modern Full-Stack Web Development,sveltekit-modern-fullstack-dev,Software Engineering,Build high-performance web applications using SvelteKit. Learn server-side loading, form actions, and deployment.,69.99
Testing Spring Boot Applications: Unit & Integration,testing-spring-boot-applications,Software Engineering,Write bulletproof tests. Master JUnit 5, Mockito, MockMvc, WebTestClient, Testcontainers, and database assertions.,89.99
Introduction to Statistics & Probability for Data Science,introduction-statistics-probability-data,AI & Data Science,Learn descriptive statistics, probability theory, hypothesis testing, regression analysis, and ANOVA.,49.99
Time Series Analysis & Forecasting with Python,time-series-analysis-forecasting-python,AI & Data Science,Forecast sales, stock prices, and traffic data. Master ARIMA, SARIMAX, Prophet, and LSTM neural networks.,109.99
Building Chatbots with Rasa & Dialogflow,building-chatbots-rasa-dialogflow,AI & Data Science,Build production-ready conversational agents and virtual assistants. Learn intent classification and entities extraction.,99.99
Data Engineering Foundations: Airflow & Spark,data-engineering-airflow-spark,AI & Data Science,Build scalable data pipelines. Learn Apache Spark dataframes, orchestrate workflows with Apache Airflow, and use Delta Lakes.,129.99
Tableau for Data Visualization & BI,tableau-data-visualization-bi,AI & Data Science,Create interactive dashboards and business intelligence reports. Learn calculated fields, mapping, and storytelling.,59.99
Feature Engineering for Machine Learning Models,feature-engineering-machine-learning,AI & Data Science,Optimize your ML model performance. Learn imputation, scaling, encoding, outlier handling, and dimension reduction.,89.99
Swing Trading Strategies: Profit from Short-Term Trends,swing-trading-strategies-short-term,Finance & Trading,Capture short-term swings in stock prices. Learn momentum indicators, moving averages, and swing-trade risk ratios.,89.99
Macroeconomics & Global Financial Markets,macroeconomics-global-financial-markets,Finance & Trading,Understand how inflation, interest rates, GDP, central banks, and geopolitics impact global assets and markets.,69.99
Commodities Trading Masterclass: Oil, Gold & Gas,commodities-trading-oil-gold-gas,Finance & Trading,Trade commodity markets. Understand supply-demand dynamics, futures contracts, hedging, and oil/metal pricing.,99.99
Value Investing Fundamentals: Learn to Pick Stocks,value-investing-fundamentals-pick-stocks,Finance & Trading,Evaluate businesses like Warren Buffett. Learn financial statements, balance sheets, DCF valuations, and margin of safety.,79.99
Mutual Funds & ETFs: Build a Passive Income Portfolio,mutual-funds-etfs-passive-income,Finance & Trading,Build a low-cost, diversified investment portfolio. Learn asset allocation, rebalancing, and index investing.,49.99
Fundamental Analysis of Cryptocurrencies,fundamental-analysis-cryptocurrencies-defi,Finance & Trading,Evaluate crypto projects, tokenomics, protocol revenues, active addresses, and total value locked (TVL).,79.99
Java Performance Tuning & JVM Internals,java-performance-tuning-jvm-internals,Software Engineering,Optimize memory management. Understand JVM garbage collection, memory leaks, thread dump analysis, and JIT compiler.,129.99
Next.js 15 & Tailwind CSS: Corporate Landing Pages,nextjs-15-tailwind-corporate-landing,Software Engineering,Build high-converting, lightning-fast landing pages with Next.js, Framer Motion, and Tailwind CSS.,49.99
NestJS: Node.js Framework for Enterprise Backends,nestjs-enterprise-backends,Software Engineering,Build modular, clean, and scalable backend applications in TypeScript using NestJS. Learn DI, interceptors, and WebSockets.,89.99
DevSecOps: Integrating Security in CI/CD,devsecops-integrating-security-cicd,Software Engineering,Scan code and containers for vulnerabilities. Learn SonarQube, dependency-check, Trivy, and dynamic application security testing (DAST).,99.99
Elasticsearch & Logstash: Centralized Log Management,elasticsearch-logstash-centralized-logging,Software Engineering,Build real-time search and analytics dashboards using the ELK stack. Learn log aggregation and parsing.,109.99
Linux Command Line & Shell Scripting Bootcamp,linux-command-line-shell-scripting,Software Engineering,Master Linux administration, file permissions, process management, bash scripting, cron jobs, and awk/sed.,39.99
Kotlin Programming for Android and Web Development,kotlin-programming-android-web,Software Engineering,Learn Kotlin syntax, coroutines, null safety, object-oriented concepts, and interoperability with Java.,79.99
Google Cloud Platform (GCP) Associate Engineer,gcp-associate-cloud-engineer,Software Engineering,Prepare for GCP certification. Master Compute Engine, Google Kubernetes Engine (GKE), Cloud Storage, and BigQuery.,109.99
AWS Certified Solutions Architect Associate 2026,aws-certified-solutions-architect-associate,Software Engineering,Pass the AWS SAA-C03 exam. Master VPC, EC2, ECS, RDS, DynamoDB, S3, IAM, Route53, and architectural best practices.,119.99
SQL Server Performance Tuning & Query Optimization,sql-server-performance-tuning-queries,Software Engineering,Speed up SQL Server databases. Learn execution plans, index tuning, locking/blocking, and SQL profiling.,99.99
Mastering Git & GitHub: Workflows & Actions,mastering-git-github-workflows-actions,Software Engineering,Master branching strategies, git rebase, merge conflicts, pull request reviews, and GitHub Actions CI pipelines.,29.99
PowerShell Scripting for IT Automation,powershell-scripting-it-automation,Software Engineering,Automate repetitive Windows and system tasks. Manage active directory, processes, and remote server scripting.,59.99
Introduction to Azure Cloud Services,introduction-azure-cloud-services,Software Engineering,Learn Microsoft Azure concepts. Spin up virtual machines, configure SQL databases, Azure active directory, and app services.,79.99
Building Progressive Web Apps (PWA) with React,building-pwa-react-service-workers,Software Engineering,Transform web apps into offline-capable mobile and desktop apps. Learn service workers, push notifications, and caching.,69.99
Machine Learning Model Deployment with Flask & FastAPI,ml-model-deployment-flask-fastapi,AI & Data Science,Deploy ML models as web APIs. Learn serialization, containerization with Docker, and scaling on AWS/Heroku.,89.99
Advanced Machine Learning Algorithms,advanced-machine-learning-algorithms,AI & Data Science,Master XGBoost, LightGBM, Random Forests, Support Vector Machines, and ensemble techniques in Python.,119.99
PySpark Masterclass: Big Data Analytics with Python,pyspark-big-data-analytics-python,AI & Data Science,Analyze terabytes of data. Learn PySpark dataframes, spark-submit, cluster tuning, and streaming datasets.,129.99
Introduction to Data Science & Analytics with Excel,data-science-analytics-excel,AI & Data Science,Analyze data using pivot tables, power query, regression analysis, and interactive dashboard charts in Excel.,39.99
Python Data Visualization: Bokeh & Plotly,python-data-visualization-bokeh-plotly,AI & Data Science,Build interactive, publication-quality web charts, plots, and dashboards using Python visualization libraries.,59.99
Predictive Modeling & Statistical Inference,predictive-modeling-statistical-inference,AI & Data Science,Learn regression models, logistics, parameter estimation, confidence intervals, and hypothesis testing.,89.99
Bayesian Statistics & Machine Learning,bayesian-statistics-machine-learning,AI & Data Science,Master Bayesian inference, Markov Chain Monte Carlo (MCMC), PyMC, and naive Bayes classifiers in Python.,109.99
Data Ethics & Privacy: GDPR & HIPAA for Engineers,data-ethics-privacy-gdpr-hipaa,AI & Data Science,Implement privacy-by-design. Learn data anonymization, encryption, access control policies, and compliance.,69.99
Big Data Architectures: Hadoop, Spark & Hive,big-data-architectures-hadoop-spark-hive,AI & Data Science,Build robust big data pipelines. Understand HDFS, mapreduce, schema design in Hive, and Apache Spark optimization.,129.99
Web Scraping & Data Extraction with Python,web-scraping-data-extraction-python,AI & Data Science,Extract data from any website. Learn BeautifulSoup, Scrapy, Selenium, dynamic content rendering, and proxy handling.,49.99
Mastering Candlestick Charts & Price Action,mastering-candlestick-charts-price-action,Finance & Trading,Spot market reversals and trends. Learn doji, hammer, engulfing candles, and chart pattern trade entries.,49.99
Dividend Investing: Build a Consistent Passive Income,dividend-investing-passive-income,Finance & Trading,Generate cashflow. Research dividend aristocrats, evaluate payout ratios, yield trap detection, and compounding reinvestments.,59.99
Day Trading Futures: S&P 500 & Nasdaq Index,day-trading-futures-sp500-nasdaq,Finance & Trading,Trade futures markets. Learn tick charts, margin requirements, order types, economic calendar correlation, and daily targets.,119.99
Automated Trading with Pine Script (TradingView),automated-trading-pine-script-tradingview,Finance & Trading,Code your own indicators and strategies on TradingView. Learn backtesting, custom alerts, and webhooks execution.,79.99
Financial Modeling & Valuation in Excel,financial-modeling-valuation-excel,Finance & Trading,Build financial models from scratch. Model income statements, cash flow, DCF, LBO, and corporate valuation metrics.,99.99
Estate Planning & Wealth Management Strategies,estate-planning-wealth-management,Finance & Trading,Preserve and transfer wealth. Learn tax optimization strategies, trust funds, asset allocation, and generational wealth planning.,89.99
Introduction to Mergers and Acquisitions (M&A),introduction-mergers-acquisitions-ma,Finance & Trading,Learn M&A concepts, synergy analysis, transaction structures, LBO modeling, and post-merger integration strategies.,109.99
Personal Finance: Smart Money Management,personal-finance-smart-money-management,Finance & Trading,Take control of your money. Learn budgeting, debt payoff, credit score repair, emergency funds, and early retirement (FIRE).,29.99
Quantitative Finance & Stochastic Calculus,quantitative-finance-stochastic-calculus,Finance & Trading,Understand derivatives pricing. Master Black-Scholes model, Brownian motion, interest rate modeling, and quantitative risk.,149.99
Technical Analysis of Futures & Commodities,technical-analysis-futures-commodities,Finance & Trading,Apply chart analysis to commodity futures. Learn seasonal trends, COT reports, open interest, and hedging tools.,89.99
Real Estate Investing: Build a Rental Property Portfolio,real-estate-investing-rental-property,Finance & Trading,Learn to evaluate deal profitability, calculate Cap Rates, Cash-on-Cash returns, leverage, and property management.,99.99
Spring Boot 3 + GraphQL: Modern Enterprise APIs,spring-boot-graphql-enterprise-apis,Software Engineering,Build high-performance, flexible endpoints with GraphQL in Spring Boot. Learn query optimization and dataloaders.,89.99
React 19 Hooks & State Management in Depth,react-19-hooks-state-management,Software Engineering,Master React 19 new features. Dive deep into useActionState, useOptimistic, useTransition, and advanced context patterns.,69.99
Building Micro-Frontends with Module Federation,building-micro-frontends-module-federation,Software Engineering,Design scalable frontend architectures. Break monolith frontends into independent, hot-swappable micro-apps.,129.99
Docker for Developers: Fast Development Environments,docker-for-developers-fast-dev-env,Software Engineering,Configure isolated dev environments. Master multi-stage builds, docker-compose, volume mounting, and local database seeding.,49.99
Kubernetes Network Policies & Cloud Security,kubernetes-network-policies-cloud-security,Software Engineering,Secure your cluster namespaces. Configure ingress/egress firewalls, service mesh authorization (Istio), and secret storage.,119.99
Rust for Web Developers: Building Web APIs,rust-web-development-apis,Software Engineering,Write lightning-fast, memory-safe backend APIs in Rust. Learn Actix-web, Axum, SQLx databases, and async execution.,109.99
Next.js 15 App Router: Server Components & Cache,nextjs-15-app-router-server-components,Software Engineering,Master server components, static generation, client hydration, route layout nesting, and advanced router caching.,79.99
Tailwind CSS Utility-First Grid Design,tailwind-css-utility-first-grid,Software Engineering,Learn CSS Grid in Tailwind. Build responsive dashboards, e-commerce filters, tables, and masonry grid layouts.,39.99
SvelteKit Forms, API Endpoints & Page Actions,sveltekit-forms-endpoints-actions,Software Engineering,Build fully reactive forms, parse file uploads, configure server-side page loads, and deploy SvelteKit to Vercel.,79.99
Testing React Components with Jest & Testing Library,testing-react-components-jest,Software Engineering,Learn unit testing, snapshot testing, mock events, service interceptors, and code coverage configurations.,69.99
Go Microservices: gRPC, Protobuf & Event Streaming,go-microservices-grpc-protobuf,Software Engineering,Build low-latency microservices communication with gRPC and Protobuf. Set up events streaming with NATS.,119.99
Kubernetes Helm Charts: Package Your Deployments,kubernetes-helm-charts-deployments,Software Engineering,Template your manifest files. Build, package, test, publish, and rollback Helm charts for Kubernetes resources.,69.99
Designing Microservices with Domain-Driven Design (DDD),designing-microservices-domain-driven-design,Software Engineering,Learn context mapping, ubiquitous language, aggregate roots, domain events, and bounded contexts design.,129.99
Spring Boot Integration Testing with Testcontainers,spring-boot-testcontainers-integration,Software Engineering,Write reliable tests using real Docker instances of PostgreSQL, Redis, Kafka, and LocalStack in Spring Boot.,99.99
Django REST Framework: Complete Backend Guides,django-rest-framework-backend-guides,Software Engineering,Build clean RESTful services. Learn serializers, viewsets, authentication rules, paginations, and database optimization.,89.99
Introduction to Machine Learning: Scikit-Learn,introduction-ml-scikit-learn,AI & Data Science,Learn ML concepts. Code linear regression, decision trees, random forests, and k-means clustering in Python.,79.99
Deep Learning Transformers for NLP & Vision,deep-learning-transformers-nlp-vision,AI & Data Science,Master transformer models. Understand self-attention mechanisms, encoder-decoders, ViT, and BERT fine-tuning.,139.99
Building Search Engines with Elasticsearch & Python,building-search-engines-elasticsearch-python,AI & Data Science,Index documents, write compound queries, configure custom analyzers, and build auto-complete autocomplete fields.,109.99
Feature Selection & Dimensionality Reduction,feature-selection-dimensionality-reduction,AI & Data Science,Optimize training speed and model simplicity. Master PCA, t-SNE, LDA, filter/wrapper methods, and feature evaluation.,89.99
Python Data Analysis with Jupyter & Numpy,python-data-analysis-jupyter-numpy,AI & Data Science,Master array operations, vectorization, statistical distributions, data transformations, and mathematical modeling.,49.99
Time Series Forecasting using Prophet & NeuralProphet,time-series-forecasting-prophet-neuralprophet,AI & Data Science,Forecast seasonal business data. Model anomalies, holiday effects, trends, and growth curves in Python.,99.99
Reinforcement Learning: Deep Q-Networks (DQN),reinforcement-learning-deep-q-networks,AI & Data Science,Build game-playing AI agents. Master Markov decision processes, Bellman equations, target networks, and replay buffers.,129.99
Data Engineering Pipelines with Apache Spark & AWS,data-engineering-spark-aws,AI & Data Science,Build cloud-scale pipelines. Learn Spark on EMR, load data to S3, partition databases, and write to Redshift.,139.99
Business Intelligence Dashboarding with Power BI,business-intelligence-powerbi-dashboards,AI & Data Science,Connect raw data sources, write DAX expressions, model star schemas, and publish analytical reports.,59.99
Introduction to Artificial Neural Networks (ANN),introduction-artificial-neural-networks,AI & Data Science,Learn basic neural networks. Code forward propagation, backpropagation, activation functions, and gradient descent.,79.99
Day Trading Options: Leverage Price Volatility,day-trading-options-price-volatility,Finance & Trading,Trade weekly options. Master premium decay, implied volatility spikes, weekly options strategies, and intraday entries.,109.99
Global Macro Trading: Identify Long-Term Trends,global-macro-trading-long-term-trends,Finance & Trading,Build structural portfolios. Learn global capital flows, bond yields correlation, commodity cycles, and trade thesis construction.,129.99
Cryptocurrency Day Trading: Scalping Strategies,crypto-day-trading-scalping-strategies,Finance & Trading,Trade high-volatility crypto assets. Learn order book spread, level 2 data, funding rates, and leverage risk management.,89.99
Automated Trading Strategies: Python & Interactive Brokers,automated-trading-python-interactive-brokers,Finance & Trading,Execute automated orders directly. Connect script to Interactive Brokers API, run live risk management, and handle data streams.,139.99
Corporate Finance Fundamentals: Valuation & Capital,corporate-finance-fundamentals-valuation,Finance & Trading,Understand capital budgeting, cost of capital (WACC), debt structures, dividend payout policies, and equity valuations.,99.99
Forex Price Action Trading: Read Clean Charts,forex-price-action-trading-clean-charts,Finance & Trading,Trade foreign exchange without indicators. Master order blocks, market structure shifts, and liquidity sweeps.,79.99
Estate Tax Planning & Wealth Preservation,estate-tax-planning-wealth-preservation,Finance & Trading,Minimize tax liability. Learn multi-generational trusts, charitable planning, life insurance setups, and legacy structuring.,109.99
Introduction to Private Equity & Venture Capital,introduction-private-equity-venture-capital,Finance & Trading,Understand funding rounds, cap tables, valuation methodologies, term sheet clauses, and fund operations.,129.99
Behavioral Finance: Avoid Investment Traps,behavioral-finance-investment-traps,Finance & Trading,Understand investor psychology. Learn confirmation bias, loss aversion, anchoring, FOMO, and cognitive biases in market cycles.,39.99
Trading Commodities Futures: Cotton, Wheat & Coffee,trading-commodities-futures-cotton-wheat,Finance & Trading,Master agricultural markets. Understand COT reports, seasonal crop cycles, export data, and spread trading.,99.99
Real Estate Syndication: Raise Capital for Deals,real-estate-syndication-raise-capital,Finance & Trading,Structure commercial property deals. Learn legal requirements, PPM creation, waterfall distribution models, and investor communications.,119.99
Spring Boot 3 + Redis: Advanced Cache Patterns,spring-boot-redis-advanced-cache,Software Engineering,Build high-performance web APIs. Learn cache-aside, write-through, cache eviction, and Redis distributed locks.,89.99
React 19 Server Components: Architecture Guide,react-19-server-components-architecture,Software Engineering,Deep dive into React 19 server-side rendering, streaming HTML, progressive hydration, and layout state management.,99.99
Micro-Frontends: Single SPA & Webpack Module Federation,microfrontends-single-spa-module-federation,Software Engineering,Integrate separate frontend builds. Learn routing orchestration, shared state management, and localized deployment pipelines.,129.99
Dockerizing Spring Boot Applications for Production,dockerizing-spring-boot-production,Software Engineering,Build optimized Docker images. Learn layered Jars, multi-stage builds, alpine bases, and environment properties routing.,49.99
Kubernetes Cluster Setup: AWS EKS Masterclass,kubernetes-eks-masterclass,Software Engineering,Spin up managed clusters. Learn VPC configuration, node groups, IAM roles integration, and Kubernetes dashboard setup.,119.99
Writing Web APIs in Rust using Axum & SQLx,rust-web-apis-axum-sqlx,Software Engineering,Build robust APIs. Learn route routing, database connection pooling, custom error handling, and JSON validation in Rust.,109.99
SvelteKit Forms: Actions, Enhancements & Security,sveltekit-forms-actions-enhancements,Software Engineering,Configure serverless SvelteKit forms. Learn state enhancements, CSRF protection, file upload validation, and session management.,79.99
Unit Testing React with Vitest & React Testing Library,testing-react-vitest-testing-library,Software Engineering,Configure fast, concurrent unit tests. Learn mock functions, hook state testing, fire events, and coverage parsing.,69.99
Go Microservices: gRPC Services & Protocol Buffers,go-microservices-grpc-protobuf-apis,Software Engineering,Implement binary serialization APIs. Design Proto definition files, compile gRPC stubs, and build gateway routing.,119.99
Designing Microservices: Bound Contexts & Event Maps,designing-microservices-bounded-contexts,Software Engineering,Model aggregate domains. Learn event storming, context maps, domain models, and microservice boundaries.,129.99
Deploying Django Apps to Production: Docker & AWS,deploying-django-docker-aws,Software Engineering,Deploy Django platforms. Configure Gunicorn/Nginx, AWS RDS databases, S3 static assets, and Docker containers.,99.99
Introduction to Machine Learning with Python & Pandas,introduction-ml-python-pandas,AI & Data Science,Master baseline data concepts. Clean data with Pandas, build simple models, and validate accuracy results.,79.99
Deep Learning Vision: Transformers & CNNs,deep-learning-vision-transformers-cnns,AI & Data Science,Build state-of-the-art vision models. Learn ViT self-attention, CNN feature map extractions, and PyTorch tuning.,139.99
FTS Search Engines with PostgreSQL & Spring Boot,fts-search-postgresql-spring-boot,Software Engineering,Build fast, database-driven searches. Configure generated columns, GIN indexes, and Spring Data JPA integration.,89.99
Feature Engineering: Missing Values & Outlier Scaling,feature-engineering-missing-values-outliers,AI & Data Science,Prepare dirty datasets. Learn mean/mode imputations, standard scaling, box-cox transformations, and isolation forests.,89.99
Data Analysis with Python, Jupyter & Pandas,data-analysis-python-jupyter-pandas,AI & Data Science,Learn basic analysis concepts. Group datasets, visualize findings, run statistical checks, and export reports.,49.99
Time Series Forecasting with Prophet & LSTM Networks,time-series-forecasting-prophet-lstm,AI & Data Science,Build hybrid forecasting systems. Model trend changes with Prophet, capture non-linear sequences with LSTM.,119.99
Reinforcement Learning: Deep Q-Networks & Q-Learning,reinforcement-learning-dqn-q-learning,AI & Data Science,Train autonomous agents to solve control problems. Master reward functions, exploration vs exploitation, and value iterations.,129.99
Data Engineering Pipelines: Spark & AWS Redshift,data-engineering-pipelines-spark-redshift,AI & Data Science,Load terabytes of log data. Process files using PySpark, export tables, and write optimized Redshift structures.,139.99
Analytics Dashboards with Power BI & DAX,analytics-dashboards-powerbi-dax,AI & Data Science,Model complex datasets. Master custom DAX calculations, build interactive drill-downs, and distribute reports.,59.99
Introduction to Neural Networks: Backpropagation & Math,introduction-neural-networks-backpropagation,AI & Data Science,Build a basic neural net from scratch. Program matrix multiplications, gradient updates, and forward passes.,79.99
Day Trading Options: Weekly Contracts & Volatility,day-trading-options-weekly-contracts,Finance & Trading,Trade quick reversal setups. Master premium calculations, implied volatility models, dynamic risk metrics, and trade execution.,109.99
Global Macro Trading: Cycles & Macro Portfolios,global-macro-trading-cycles-portfolios,Finance & Trading,Design global hedge-fund-like strategies. Analyze interest rate differentials, trade deficits, inflation indices, and cycle trends.,129.99
Day Trading Cryptocurrency: Liquidity & Order Books,day-trading-crypto-liquidity-orderbook,Finance & Trading,Spot institutional manipulation. Read price spreads, identify liquidity traps, manage liquidation risks, and scale sizes.,89.99
Automated Orders Execution: Python & Interactive Brokers API,automated-orders-execution-python-ib-api,Finance & Trading,Automate live trade setups. Write error-resilient order queues, connect real-time data feeds, and monitor equity safeguards.,139.99
Corporate Finance: Investment Rules & Capital Structures,corporate-finance-investment-rules-capital,Finance & Trading,Analyze corporate investment choices. Compute NPV, IRR, WACC multipliers, optimal debt ratios, and dividend payouts.,99.99
Forex Price Action: Order Blocks & Market Shifts,forex-price-action-orderblocks-shifts,Finance & Trading,Trade FX pairs on chart dynamics. Learn daily bias patterns, fair value gaps (FVG), and institutional liquidity sweeps.,79.99
Wealth Management & Preservation: Trusts & Tax Plans,wealth-management-preservation-trusts-taxes,Finance & Trading,Protect wealth assets. Set up revocable/irrevocable trusts, structure lifetime giftings, and plan tax deductions.,109.99
Introduction to Private Equity Operations & Valuations,private-equity-operations-valuations,Finance & Trading,Analyze venture buyouts. Master EBITDA multipliers, discount cash flow models, cap table allocations, and return on equity (LBO).,129.99
Behavioral Finance: Market Cycles & Trader Psychology,behavioral-finance-cycles-psychology,Finance & Trading,Identify cycle peaks and troughs. Overcome loss bias, trade with discipline, build metrics templates, and record actions.,39.99
Trading Commodities Futures: Agricultural Markets,trading-commodities-futures-agricultural,Finance & Trading,Trade global agricultural options. Predict harvest yields, map crop moisture data, read COT reports, and trade spreads.,99.99
Real Estate Syndication: Waterfall Distributions & Legals,real-estate-syndication-waterfalls-legals,Finance & Trading,Structure multi-family syndications. Program equity hurdle models, create investor subscriptions, and verify SEC rules.,119.99
Complete Java Microservices with Spring Boot 3,java-microservices-springboot3,Software Engineering,Build high-performance microservices. Learn Eureka Discovery, Spring Cloud Gateway, Resilience4j, and Docker deployment.,119.99
React 19 & Next.js 15: Clean Architecture Guides,react19-next15-clean-architecture,Software Engineering,Implement enterprise structure. Manage separation of concerns, API client layers, client stores, and Server Component routing.,99.99
Enterprise UI Design Systems with Tailwind & Radix,enterprise-ui-design-tailwind-radix,Software Engineering,Build highly accessible, dark-mode ready, interactive UI frameworks from scratch using Tailwind and Radix UI.,79.99
AWS Cloud Practitioner Complete Course 2026,aws-cloud-practitioner-complete-2026,Software Engineering,Get certified on AWS. Master core cloud architecture, EC2 instances, S3 storage, RDS, VPC routing, and cost budgeting.,89.99
DevOps Masterclass: CI/CD Pipelines & Jenkins,devops-masterclass-cicd-jenkins,Software Engineering,Automate build pipelines. Integrate GitHub Hooks, execute container tests, push Docker files, and deploy to AWS.,99.99
Rust Programming: Async Runtimes & Actix-Web,rust-async-actixweb-apis,Software Engineering,Write bulletproof concurrent backends. Learn ownership rules, Tokio async runtime, Actix routing, and SQLx pool mappings.,109.99
Next.js 15 Server-Side Rendering (SSR) & Cache,nextjs15-ssr-cache-tuning,Software Engineering,Optimize page speed. Configure cache strategies, nested server component loads, static pre-renders, and hydration checks.,89.99
CSS Grid & Flexbox Layout Mastery in Tailwind,css-grid-flexbox-tailwind-mastery,Software Engineering,Build complex layouts. Master responsive sidebars, filter tables, flexible cards, overlay drawers, and custom dark mode themes.,39.99
SvelteKit Page Loaders, Form Actions & Sessions,sveltekit-loaders-actions-sessions,Software Engineering,Develop fullstack apps. Learn SvelteKit page data hydration, reactive server actions, cookies validation, and auth sessions.,79.99
Vitest Unit Testing for React Apps in Depth,vitest-react-unit-testing,Software Engineering,Build Vitest test suites. Learn user interactions mock testing, custom hook assertions, router mocks, and coverage reporting.,69.99
Go Microservices: gRPC Client & Server Protocols,go-microservices-grpc-protocols,Software Engineering,Build binary-based network communications. Compile proto schemas, configure secure channels, and deploy Docker instances.,119.99
Domain-Driven Design for Enterprise Microservices,ddd-enterprise-microservices,Software Engineering,Structure domain boundaries. Model aggregate roots, construct context mappings, compile domain events, and partition SQL databases.,129.99
Django REST APIs: Complete Authentication Guide,django-rest-auth-jwt,Software Engineering,Secure Django APIs. Build JWT authentication flows, session limits, secure token rotations, and custom permissions profiles.,89.99
Introduction to Data Science with Python & Scikit-Learn,introduction-datascience-python-scikit,AI & Data Science,Learn basic coding workflows. Process raw data, run linear regressions, compile classification splits, and visualize accuracy.,79.99
Deep Learning Transformers for Computer Vision,deep-learning-transformers-vision,AI & Data Science,Build vision transformers (ViT). Master patching, self-attention, projection layers, and fine-tuning models in PyTorch.,139.99
PostgreSQL Full-Text Search in Spring Boot 3,postgresql-fts-springboot3,Software Engineering,Optimize database search queries. Configure custom GIN indexes, generated tsvector mappings, and JPA projections.,89.99
Data Processing Pipelines with PySpark & AWS EMR,data-processing-pyspark-aws-emr,AI & Data Science,Build cloud-scale data engines. Orchestrate cluster nodes, read parquet files from S3, partition DB rows, and compile analytics.,139.99
Power BI Analytical Dashboards with DAX & PowerQuery,powerbi-dax-powerquery-dashboards,AI & Data Science,Model clean structures. Master DAX time intelligence, design custom dashboards, and establish gateway schedules.,59.99
Introduction to Deep Learning: Neural Nets & Math,introduction-deeplearning-neuralnets-math,AI & Data Science,Write neural networks from basic matrix algebra. Code forward feeds, compute cross-entropy, write backpropagation models.,79.99
Weekly Options Trading: Leverage Volatility Swings,weekly-options-trading-volatility,Finance & Trading,Trade short-expiration setups. Master IV crashes, daily volume profile readings, risk parameters, and spreads adjustments.,109.99
Global Macro Portfolios: Capital Flows & Inflation,global-macro-portfolios-capital-inflation,Finance & Trading,Design macro thesis. Monitor Fed interest cycles, compute real yields, trade currency splits, and hedge inflation gaps.,129.99
Day Trading Crypto: Order Book Dynamics & Tape,day-trading-crypto-orderbook-tape,Finance & Trading,Analyze liquidity pools. Track bid/ask depth chart shifts, spot market-maker sweeps, manage leverage margins, and execute.,89.99
Automated Trading: Python & Interactive Brokers Gateways,automated-trading-python-ib-gateways,Finance & Trading,Connect backend scripts. Write resilient network handlers, process data tickers, check equity risks, and automate orders.,139.99
Corporate Finance: Capital Allocation & WACC,corporate-finance-capital-allocation-wacc,Finance & Trading,Master company valuations. Analyze capital frameworks, determine cost of debt, calculate DCF multipliers, and model payouts.,99.99
Forex Trading Price Action: Daily Bias & Shifts,forex-priceaction-dailybias-shifts,Finance & Trading,Analyze currencies on naked charts. Identify daily market flow direction, locate key liquidity pools, and enter trades.,79.99
Wealth Preservation & Estate Plans: Tax & Trust,wealth-preservation-estateplans-tax-trust,Finance & Trading,Hedge family assets. Structure generational trust partitions, optimize gift exemptions, and configure tax deductions.,109.99
Private Equity Buyouts: LBO Modeling & Return,private-equity-buyouts-lbo-modeling,Finance & Trading,Evaluate company acquisitions. Build multi-tiered LBO models, compute debt paydowns, determine IRR metrics, and structure exits.,129.99
Behavioral Economics: Investor Psychology & Bias,behavioral-economics-investor-psychology,Finance & Trading,Master emotional trading control. Avoid FOMO entry mistakes, establish risk journals, and optimize systematic trading scripts.,39.99
Trading Commodity Futures: Global Supply & Spreads,trading-commodity-futures-supply-spreads,Finance & Trading,Trade commodity spreads. Track USDA reports, measure global weather indicators, analyze COT data, and execute swaps.,99.99
Real Estate Syndication hurdle waterfall modeling,realestate-syndication-hurdle-waterfalls,Finance & Trading,Structure commercial capital investments. Program hurdle structures, build legal subscriptions, and verify SEC compliance.,119.99
Generative AI with Java Spring Boot and OpenAI,generative-ai-java-spring-boot,AI & Data Science,Learn how to build AI-powered Java applications. Integrate OpenAI, LangChain4j, and Spring AI into your Spring Boot microservices.,79.99
Frontend Dev: Build Generative AI Apps with React & Next.js,generative-ai-frontend-react-next,AI & Data Science,Master frontend AI integrations. Build dynamic Chat UIs, streaming responses, and generative UI components using React, Next.js, and Vercel AI SDK.,69.99
Generative AI for Algorithmic Trading & Finance,generative-ai-algorithmic-trading-finance,AI & Data Science,Apply generative AI and LLMs to quantitative finance. Build AI trading agents, analyze market sentiment, and generate trading strategies.,89.99
Generative AI & LLMs for General Engineering & DevOps,generative-ai-devops-engineering,AI & Data Science,Optimize engineering workflows with AI. Automate DevOps pipelines, generate code, write documentation, and build custom AI assistants for software engineering.,99.99
